{"XgEzc2jzbZNPBO5d+di2xg==":"aerial-1880873.jpg","m1JjDOjHfvb+0r+fj77rYA==":"group-2.svg","9LNdG52AX7MAOyALTHW4OQ==":"aerial-1880864.jpg","nx9McRJD2jhpoYhNTs9veQ==":"group-21.svg","NDXzAQ9vpBMp+8c2crlyaA==":"whatsapp-image-2021-03-04-at-01.25.32.jpeg","QKolvO5noyDdKlt8DvuSIg==":"whatsapp-image-2021-03-04-at-01.25.32-3.jpeg","hNs6Q+rqOauBokfyafwJAw==":"whatsapp-image-2021-03-04-at-01.25.31.jpeg","/ZMrIs/uvpZtH2Lt2/jlPA==":"whatsapp-image-2021-03-04-at-01.25.29.jpeg","njt93erpiQcK9BozfCjtUw==":"whatsapp-image-2021-03-04-at-01.25.29-1.jpeg","4wOCmP0PVinFnD/a2Vlf6Q==":"whatsapp-image-2021-03-04-at-01.25.30.jpeg","DTsX1L00S9Vnpmu4WPqDXA==":"2018-asian-games-logo.png","sK52ef3WuMfMD6WTa8KgvQ==":"huawei-standard-logo.svg","orcezx4jT549/TdUcbOJ9A==":"nokia-indosat.png","8LIDyINHS1n9NUuNsP8BSQ==":"building-line.svg","7ZSScKIQ/ccWnr0I4Nbkbg==":"home-3-line.svg","sp9gxG+vtuiI28ggYWQN8Q==":"whatsapp-image-2021-03-04-at-01.25.31-2.jpeg","htBL6LoMvi1bp8iKUG/GbQ==":"aerial-1880864.jpeg","om5QzfRjj9CDoczp0bz+2g==":"whatsapp-image-2021-03-04-at-01.25.32-1.jpeg","Pq6N3I2FFMoRC3zGULZ2CA==":"notaris-dan-ppat-pt.-hartim-teknologi-indonesia.png","Eafu4ro08B8ty+oo9qtdXQ==":"hmwp-pt-hartim-teknologi-ondonesia.png","VIrNNeOFqDUVGXGfc+hCAw==":"surat2.png","Qp+Q8ulNiyCjWWYwdtqCpQ==":"dhl-logo.svg","U7ovJAKv6+xs+XafJUV3xA==":"ericsson-logo.svg","RZbmDrvxo0ssFOv73L5pIA==":"nec-logo.svg","6ZVDu4Z5ThWSjQPptBuzyA==":"google-2015-logo.svg","MaqVJ3mUjDrgOqdqFzygsw==":"amazon-logo.svg","lu6pmC2ymVjN7hlOwjfMhA==":"whatsapp-image-2021-03-04-at-01.25.33.jpeg","8AG/cwI1aOEtzBec8yntgA==":"jeshoots-com-ltnvqhdkkmw-unsplash.jpg","HOJgJjx7+k+IqCh2ZXg88g==":"floriane-vita-fyd3owbuxny-unsplash.jpg","no5QjFg9hJjeGvto0KLOWw==":"adapter-1500407.jpg","WMMxPzYGP/lHKvWNjgtILw==":"networking-2633600.jpg","S0OkXD7EmEl/em+DDbVGZw==":"hti-company-profile-310121.png","SIikh8q1iMEYVgS/7Icabw==":"hti-company-profile-310122.png","QNZ1N+AlclDnbDCJ0kBkTg==":"hti-company-profile-310123.png","eUiDA9pmeglVbxJMj76kwA==":"hti-company-profile-310124.png","KRnUVHxyaDeK7ipOgsAQ9A==":"hti-company-profile-310125.png","Fq7Kw4lbNSi64byOIa18nA==":"hti-company-profile-310126.png","0vsqoq9QVP6QVHB6s0/6Qw==":"adapter-1500407.jpeg","+/Z8tyi+t6xVt+/7eSR2Qw==":"cme-monopole.png","fVHidYFjn7FNf6Jpaimarg==":"cme-monopole-2.png","C9qwHgc8wYwDsJYnmGpOQQ==":"cme-monopole3.png","dKdp02h/BJ+F5FsGi8hnbQ==":"whatsapp-image-2021-03-04-at-01.25.32-2.jpeg","hSGnquH/f8bwY1BxCsST8Q==":"cyberspace-2784907.jpg","/I1rxOyIYsfwqNmBSzr6qA==":"aerial-1880873.jpeg","dc83wX0vIVshIqURM21K9A==":"whatsapp-image-2021-03-04-at-01.25.32-4.jpeg","Cbno1bbpwCDkZuTvgrNXlQ==":"infrastructure.png","/SnPIJmbT5qq+HnzVnGXrw==":"produk.png","B2G15dnw6qLd7KAKks08oA==":"produk2.png","uIM/BxwbyIUVKdJJPWRvSw==":"network-197300.jpg","s+Vxkq1HHWyUKAQDQezlJg==":"tarn-nguyen-xleafygdvv0-unsplash.jpeg","rCUWyUGMQ3mV9z1P2cKCKA==":"taylor-vick-awslrfhs1w4-unsplash.jpeg","R3Ra5ELJC/3Qzg1bknyThA==":"julian-hochgesang-dkn8-zpibwo-unsplash1.jpeg","s/n+IOnSJ6nfGtWWFvvbsw==":"imgix-pgdaawf6ijg-unsplash.jpg","tYdg755/nmmPQfokkIppXQ==":"server-2160321.jpg","gVREt3fT+9NAVbFmTwOS0A==":"julian-hochgesang-dkn8-zpibwo-unsplash1.jpg"}